Designator,Part Number,Value,Footprint,Manufacturer,Fitted
C1,CL10A475KO8NNNC,4.7 uF,C0603,Samsung,Yes
C2,CL10A475KO8NNNC,4.7 uF,C0603,Samsung,Yes
C3,CL10B104KB8NNNC,100 nF,C0603,Samsung,Yes
C4,CL10A105KB8NNNC,1 uF,C0603,Samsung,Yes
C5,CL10C470JB8NNNC,47 pF,C0603,Samsung,Yes
C6,CL10C470JB8NNNC,47 pF,C0603,Samsung,Yes
C7,,,C0603,,Yes
H1,PZ254V-11-04P_C2691448,,HDR-TH_4P-P2.54-V-M,XFCN,Yes
H2,TO-56 socket 2.54mm 2P,,HDR-TH_2P-P2.54-V-M,generic,Yes
H3,PZ254V-11-01P,,HDR-TH_1P-P2.54-V-M,XFCN,Yes
H4,HC-PZ254-11.5L-1X8PZ,,HDR-TH_8P-P2.54-V-M,HongCheng,Yes
H5,TO-56 socket 2.54mm 2P,,HDR-TH_2P-P2.54-V-M,generic,Yes
H6,TO-56 socket 2.54mm 2P,,HDR-TH_2P-P2.54-V-M,generic,Yes
R1,RC1608F103CS,10 kohm,R0603,Samsung,Yes
R2,0603WAF220JT5E,22 ohm,R0603,UNI-ROYAL,Yes
R3,0603WAF220JT5E,22 ohm,R0603,UNI-ROYAL,Yes
R4,RC1608F103CS,10 kohm,R0603,Samsung,Yes
R5,RC1608F103CS,10 kohm,R0603,Samsung,Yes
R6,RC1608F103CS,10 kohm,R0603,Samsung,Yes
SW1,KH-6X6X5H-STM,,SW-SMD_4P-L6.0-W6.0-P4.50-LS9.0_H5.0,Kinghelm,Yes
SW2,KH-6X6X5H-STM,,SW-SMD_4P-L6.0-W6.0-P4.50-LS9.0_H5.0,Kinghelm,Yes
SW3,KH-6X6X5H-STM,,SW-SMD_4P-L6.0-W6.0-P4.50-LS9.0_H5.0,Kinghelm,Yes
SW4,KH-6X6X5H-STM,,SW-SMD_4P-L6.0-W6.0-P4.50-LS9.0_H5.0,Kinghelm,Yes
U1,ESP32-S3-WROOM-1(N8R8),,WIRELM-SMD_ESP32-S3-WROOM-1,Espressif,Yes
U2,MIC5219-3.3YM5,,SOT-23-5_L3.0-W1.7-P0.95-LS2.8-TL,Micrel/Microchip,Yes
U3,TP4056,,PWRM-TH_TP4056,NanJing Top Power,Yes
